{"HEVC_D": {"BQSquare_416x240_60": {"42.model": {"i_frame_num": 0, "p_frame_num": 96, "ave_i_frame_bpp": 0.0, "ave_i_frame_quality": 0.0, "ave_p_frame_bpp": 0.014430588942307693, "ave_p_frame_quality": 30.557036265390902, "ave_all_frame_bpp": 0.014430588942307693, "ave_all_frame_quality": 30.557036265390902}, "37.model": {"i_frame_num": 0, "p_frame_num": 96, "ave_i_frame_bpp": 0.0, "ave_i_frame_quality": 0.0, "ave_p_frame_bpp": 0.03222489316239316, "ave_p_frame_quality": 31.247603743512325, "ave_all_frame_bpp": 0.03222489316239316, "ave_all_frame_quality": 31.247603743512325}, "32.model": {"i_frame_num": 0, "p_frame_num": 96, "ave_i_frame_bpp": 0.0, "ave_i_frame_quality": 0.0, "ave_p_frame_bpp": 0.07364282852564102, "ave_p_frame_quality": 32.11723915290239, "ave_all_frame_bpp": 0.07364282852564102, "ave_all_frame_quality": 32.11723915290239}, "27.model": {"i_frame_num": 0, "p_frame_num": 96, "ave_i_frame_bpp": 0.0, "ave_i_frame_quality": 0.0, "ave_p_frame_bpp": 0.17821180555555555, "ave_p_frame_quality": 33.603748850846564, "ave_all_frame_bpp": 0.17821180555555555, "ave_all_frame_quality": 33.603748850846564}}, "BasketballPass_416x240_50": {"42.model": {"i_frame_num": 0, "p_frame_num": 96, "ave_i_frame_bpp": 0.0, "ave_i_frame_quality": 0.0, "ave_p_frame_bpp": 0.015009855769230768, "ave_p_frame_quality": 31.126158325993217, "ave_all_frame_bpp": 0.015009855769230768, "ave_all_frame_quality": 31.126158325993217}, "37.model": {"i_frame_num": 0, "p_frame_num": 96, "ave_i_frame_bpp": 0.0, "ave_i_frame_quality": 0.0, "ave_p_frame_bpp": 0.03129673477564103, "ave_p_frame_quality": 32.09761144045552, "ave_all_frame_bpp": 0.03129673477564103, "ave_all_frame_quality": 32.09761144045552}, "32.model": {"i_frame_num": 0, "p_frame_num": 96, "ave_i_frame_bpp": 0.0, "ave_i_frame_quality": 0.0, "ave_p_frame_bpp": 0.06648387419871794, "ave_p_frame_quality": 33.44817396057435, "ave_all_frame_bpp": 0.06648387419871794, "ave_all_frame_quality": 33.44817396057435}, "27.model": {"i_frame_num": 0, "p_frame_num": 96, "ave_i_frame_bpp": 0.0, "ave_i_frame_quality": 0.0, "ave_p_frame_bpp": 0.14838992387820513, "ave_p_frame_quality": 35.38957603573203, "ave_all_frame_bpp": 0.14838992387820513, "ave_all_frame_quality": 35.38957603573203}}, "BlowingBubbles_416x240_50": {"42.model": {"i_frame_num": 0, "p_frame_num": 96, "ave_i_frame_bpp": 0.0, "ave_i_frame_quality": 0.0, "ave_p_frame_bpp": 0.015639182692307692, "ave_p_frame_quality": 29.720763423242502, "ave_all_frame_bpp": 0.015639182692307692, "ave_all_frame_quality": 29.720763423242502}, "37.model": {"i_frame_num": 0, "p_frame_num": 96, "ave_i_frame_bpp": 0.0, "ave_i_frame_quality": 0.0, "ave_p_frame_bpp": 0.03581063701923077, "ave_p_frame_quality": 30.484970786362762, "ave_all_frame_bpp": 0.03581063701923077, "ave_all_frame_quality": 30.484970786362762}, "32.model": {"i_frame_num": 0, "p_frame_num": 96, "ave_i_frame_bpp": 0.0, "ave_i_frame_quality": 0.0, "ave_p_frame_bpp": 0.08369891826923077, "ave_p_frame_quality": 31.509413585329877, "ave_all_frame_bpp": 0.08369891826923077, "ave_all_frame_quality": 31.509413585329877}, "27.model": {"i_frame_num": 0, "p_frame_num": 96, "ave_i_frame_bpp": 0.0, "ave_i_frame_quality": 0.0, "ave_p_frame_bpp": 0.20242722355769233, "ave_p_frame_quality": 32.98825474268997, "ave_all_frame_bpp": 0.20242722355769233, "ave_all_frame_quality": 32.98825474268997}}, "RaceHorses_416x240_30": {"42.model": {"i_frame_num": 0, "p_frame_num": 96, "ave_i_frame_bpp": 0.0, "ave_i_frame_quality": 0.0, "ave_p_frame_bpp": 0.02892127403846154, "ave_p_frame_quality": 30.022286260004773, "ave_all_frame_bpp": 0.02892127403846154, "ave_all_frame_quality": 30.022286260004773}, "37.model": {"i_frame_num": 0, "p_frame_num": 96, "ave_i_frame_bpp": 0.0, "ave_i_frame_quality": 0.0, "ave_p_frame_bpp": 0.061024305555555554, "ave_p_frame_quality": 30.780266180953735, "ave_all_frame_bpp": 0.061024305555555554, "ave_all_frame_quality": 30.780266180953735}, "32.model": {"i_frame_num": 0, "p_frame_num": 96, "ave_i_frame_bpp": 0.0, "ave_i_frame_quality": 0.0, "ave_p_frame_bpp": 0.13300530849358974, "ave_p_frame_quality": 31.84393851976851, "ave_all_frame_bpp": 0.13300530849358974, "ave_all_frame_quality": 31.84393851976851}, "27.model": {"i_frame_num": 0, "p_frame_num": 96, "ave_i_frame_bpp": 0.0, "ave_i_frame_quality": 0.0, "ave_p_frame_bpp": 0.3052509014423077, "ave_p_frame_quality": 33.47759050730352, "ave_all_frame_bpp": 0.3052509014423077, "ave_all_frame_quality": 33.47759050730352}}}}