{"HEVC_D": {"BQSquare_416x240_60": {"42.model": {"i_frame_num": 8, "p_frame_num": 88, "ave_i_frame_bpp": 0.40048076923076925, "ave_i_frame_quality": 0.0, "ave_p_frame_bpp": 0.0172086672008547, "ave_p_frame_quality": 30.557036265390902, "ave_all_frame_bpp": 0.02532051282051282, "ave_all_frame_quality": 30.557036265390902}, "37.model": {"i_frame_num": 8, "p_frame_num": 88, "ave_i_frame_bpp": 0.7390625, "ave_i_frame_quality": 0.0, "ave_p_frame_bpp": 0.03756525440705128, "ave_p_frame_quality": 31.247603743512325, "ave_all_frame_bpp": 0.052517361111111105, "ave_all_frame_quality": 31.247603743512325}, "32.model": {"i_frame_num": 8, "p_frame_num": 88, "ave_i_frame_bpp": 1.2106971153846153, "ave_i_frame_quality": 0.0, "ave_p_frame_bpp": 0.08592247596153846, "ave_p_frame_quality": 32.11723915290239, "ave_all_frame_bpp": 0.11012202857905981, "ave_all_frame_quality": 32.11723915290239}, "27.model": {"i_frame_num": 8, "p_frame_num": 88, "ave_i_frame_bpp": 1.8588541666666667, "ave_i_frame_quality": 0.0, "ave_p_frame_bpp": 0.21015746861645296, "ave_p_frame_quality": 33.603748850846564, "ave_all_frame_bpp": 0.24622145432692305, "ave_all_frame_quality": 33.603748850846564}}, "BasketballPass_416x240_50": {"42.model": {"i_frame_num": 8, "p_frame_num": 88, "ave_i_frame_bpp": 0.15657051282051282, "ave_i_frame_quality": 0.0, "ave_p_frame_bpp": 0.01917197516025641, "ave_p_frame_quality": 31.126158325993217, "ave_all_frame_bpp": 0.022087019230769226, "ave_all_frame_quality": 31.126158325993217}, "37.model": {"i_frame_num": 8, "p_frame_num": 88, "ave_i_frame_bpp": 0.3073717948717949, "ave_i_frame_quality": 0.0, "ave_p_frame_bpp": 0.04004437099358975, "ave_p_frame_quality": 32.09761144045552, "ave_all_frame_bpp": 0.04571897035256411, "ave_all_frame_quality": 32.09761144045552}, "32.model": {"i_frame_num": 8, "p_frame_num": 88, "ave_i_frame_bpp": 0.5587740384615385, "ave_i_frame_quality": 0.0, "ave_p_frame_bpp": 0.08421041666666666, "ave_p_frame_quality": 33.44817396057435, "ave_all_frame_bpp": 0.09437433894230768, "ave_all_frame_quality": 33.44817396057435}, "27.model": {"i_frame_num": 8, "p_frame_num": 88, "ave_i_frame_bpp": 0.9850160256410256, "ave_i_frame_quality": 0.0, "ave_p_frame_bpp": 0.1874032451923077, "ave_p_frame_quality": 35.38957603573203, "ave_all_frame_bpp": 0.20467331730769234, "ave_all_frame_quality": 35.38957603573203}}, "BlowingBubbles_416x240_50": {"42.model": {"i_frame_num": 8, "p_frame_num": 88, "ave_i_frame_bpp": 0.21362179487179486, "ave_i_frame_quality": 0.0, "ave_p_frame_bpp": 0.01968475560897436, "ave_p_frame_quality": 29.720763423242502, "ave_all_frame_bpp": 0.023798076923076922, "ave_all_frame_quality": 29.720763423242502}, "37.model": {"i_frame_num": 8, "p_frame_num": 88, "ave_i_frame_bpp": 0.46822916666666664, "ave_i_frame_quality": 0.0, "ave_p_frame_bpp": 0.04446630608974359, "ave_p_frame_quality": 30.484970786362762, "ave_all_frame_bpp": 0.0534997796474359, "ave_all_frame_quality": 30.484970786362762}, "32.model": {"i_frame_num": 8, "p_frame_num": 88, "ave_i_frame_bpp": 0.9099358974358974, "ave_i_frame_quality": 0.0, "ave_p_frame_bpp": 0.10278127003205129, "ave_p_frame_quality": 31.509413585329877, "ave_all_frame_bpp": 0.12014807692307691, "ave_all_frame_quality": 31.509413585329877}, "27.model": {"i_frame_num": 8, "p_frame_num": 88, "ave_i_frame_bpp": 1.6398237179487178, "ave_i_frame_quality": 0.0, "ave_p_frame_bpp": 0.24676544471153847, "ave_p_frame_quality": 32.98825474268997, "ave_all_frame_bpp": 0.27723357371794877, "ave_all_frame_quality": 32.98825474268997}}, "RaceHorses_416x240_30": {"42.model": {"i_frame_num": 8, "p_frame_num": 88, "ave_i_frame_bpp": 0.2770432692307692, "ave_i_frame_quality": 0.0, "ave_p_frame_bpp": 0.03776816239316239, "ave_p_frame_quality": 30.022286260004773, "ave_all_frame_bpp": 0.04280265090811966, "ave_all_frame_quality": 30.022286260004773}, "37.model": {"i_frame_num": 8, "p_frame_num": 88, "ave_i_frame_bpp": 0.5269230769230769, "ave_i_frame_quality": 0.0, "ave_p_frame_bpp": 0.079052250267094, "ave_p_frame_quality": 30.780266180953735, "ave_all_frame_bpp": 0.08852747729700854, "ave_all_frame_quality": 30.780266180953735}, "32.model": {"i_frame_num": 8, "p_frame_num": 88, "ave_i_frame_bpp": 0.9679086538461539, "ave_i_frame_quality": 0.0, "ave_p_frame_bpp": 0.17125651041666667, "ave_p_frame_quality": 31.84393851976851, "ave_all_frame_bpp": 0.18823367387820514, "ave_all_frame_quality": 31.84393851976851}, "27.model": {"i_frame_num": 8, "p_frame_num": 88, "ave_i_frame_bpp": 1.7317708333333333, "ave_i_frame_quality": 0.0, "ave_p_frame_bpp": 0.39226649305555555, "ave_p_frame_quality": 33.47759050730352, "ave_all_frame_bpp": 0.42109375, "ave_all_frame_quality": 33.47759050730352}}}}