{"HEVC_D": {"BQSquare_416x240_60": {"42.model": {"i_frame_num": 8, "p_frame_num": 88, "ave_i_frame_bpp": 0.40048076923076925, "ave_i_frame_quality": 30.345149201036854, "ave_p_frame_bpp": 0.011112313034188033, "ave_p_frame_quality": 30.30494378828033, "ave_all_frame_bpp": 0.04355969551282051, "ave_all_frame_quality": 30.308294239343372}, "37.model": {"i_frame_num": 8, "p_frame_num": 88, "ave_i_frame_bpp": 0.7390625, "ave_i_frame_quality": 31.165518621415025, "ave_p_frame_bpp": 0.02136144497863248, "ave_p_frame_quality": 31.175650037933895, "ave_all_frame_bpp": 0.0811698717948718, "ave_all_frame_quality": 31.17480575322399}, "32.model": {"i_frame_num": 8, "p_frame_num": 88, "ave_i_frame_bpp": 1.2106971153846153, "ave_i_frame_quality": 32.17492808084795, "ave_p_frame_bpp": 0.04911858974358974, "ave_p_frame_quality": 32.231665032426285, "ave_all_frame_bpp": 0.1459168002136752, "ave_all_frame_quality": 32.226936953128096}, "27.model": {"i_frame_num": 8, "p_frame_num": 88, "ave_i_frame_bpp": 1.8588541666666667, "ave_i_frame_quality": 33.577029446661555, "ave_p_frame_bpp": 0.12778265224358973, "ave_p_frame_quality": 33.73257889611915, "ave_all_frame_bpp": 0.27203859508547007, "ave_all_frame_quality": 33.71961644199769}}, "BasketballPass_416x240_50": {"42.model": {"i_frame_num": 8, "p_frame_num": 88, "ave_i_frame_bpp": 0.15657051282051282, "ave_i_frame_quality": 30.754553255098507, "ave_p_frame_bpp": 0.016648477564102565, "ave_p_frame_quality": 30.75713504428147, "ave_all_frame_bpp": 0.028308653846153845, "ave_all_frame_quality": 30.75691989518289}, "37.model": {"i_frame_num": 8, "p_frame_num": 88, "ave_i_frame_bpp": 0.3073717948717949, "ave_i_frame_quality": 31.591612699748524, "ave_p_frame_bpp": 0.03499054487179487, "ave_p_frame_quality": 31.6501974162756, "ave_all_frame_bpp": 0.05768894230769231, "ave_all_frame_quality": 31.645315356565007}, "32.model": {"i_frame_num": 8, "p_frame_num": 88, "ave_i_frame_bpp": 0.5587740384615385, "ave_i_frame_quality": 32.89049622243161, "ave_p_frame_bpp": 0.07090616987179486, "ave_p_frame_quality": 32.90944248679244, "ave_all_frame_bpp": 0.11156185897435895, "ave_all_frame_quality": 32.907863631429045}, "27.model": {"i_frame_num": 8, "p_frame_num": 88, "ave_i_frame_bpp": 0.9850160256410256, "ave_i_frame_quality": 34.65627036213678, "ave_p_frame_bpp": 0.15605328525641027, "ave_p_frame_quality": 34.77483606244405, "ave_all_frame_bpp": 0.22513357371794873, "ave_all_frame_quality": 34.76495558741845}}, "BlowingBubbles_416x240_50": {"42.model": {"i_frame_num": 8, "p_frame_num": 88, "ave_i_frame_bpp": 0.21362179487179486, "ave_i_frame_quality": 29.429302645383213, "ave_p_frame_bpp": 0.016182291666666668, "ave_p_frame_quality": 29.452565753096607, "ave_all_frame_bpp": 0.03263557692307692, "ave_all_frame_quality": 29.450627160787153}, "37.model": {"i_frame_num": 8, "p_frame_num": 88, "ave_i_frame_bpp": 0.46822916666666664, "ave_i_frame_quality": 30.17024712849901, "ave_p_frame_bpp": 0.03462267628205128, "ave_p_frame_quality": 30.217466078593414, "ave_all_frame_bpp": 0.07075657051282051, "ave_all_frame_quality": 30.213531166085545}, "32.model": {"i_frame_num": 8, "p_frame_num": 88, "ave_i_frame_bpp": 0.9099358974358974, "ave_i_frame_quality": 31.20799331306447, "ave_p_frame_bpp": 0.07632940705128205, "ave_p_frame_quality": 31.29978633015655, "ave_all_frame_bpp": 0.1457966346153846, "ave_all_frame_quality": 31.292136912065544}, "27.model": {"i_frame_num": 8, "p_frame_num": 88, "ave_i_frame_bpp": 1.6398237179487178, "ave_i_frame_quality": 32.7353403574655, "ave_p_frame_bpp": 0.17735288461538462, "ave_p_frame_quality": 32.942430660295706, "ave_all_frame_bpp": 0.29922540064102565, "ave_all_frame_quality": 32.92517313505985}}, "RaceHorses_416x240_30": {"42.model": {"i_frame_num": 8, "p_frame_num": 88, "ave_i_frame_bpp": 0.2770432692307692, "ave_i_frame_quality": 29.500501870480527, "ave_p_frame_bpp": 0.03538755341880342, "ave_p_frame_quality": 29.582374169783552, "ave_all_frame_bpp": 0.055525507478632476, "ave_all_frame_quality": 29.57555147817497}, "37.model": {"i_frame_num": 8, "p_frame_num": 88, "ave_i_frame_bpp": 0.5269230769230769, "ave_i_frame_quality": 30.16350588500565, "ave_p_frame_bpp": 0.07211177884615386, "ave_p_frame_quality": 30.287728905954182, "ave_all_frame_bpp": 0.11001268696581197, "ave_all_frame_quality": 30.277376987541803}, "32.model": {"i_frame_num": 8, "p_frame_num": 88, "ave_i_frame_bpp": 0.9679086538461539, "ave_i_frame_quality": 31.06803699339638, "ave_p_frame_bpp": 0.1530048076923077, "ave_p_frame_quality": 31.238767253774824, "ave_all_frame_bpp": 0.22091346153846153, "ave_all_frame_quality": 31.22453973207662}, "27.model": {"i_frame_num": 8, "p_frame_num": 88, "ave_i_frame_bpp": 1.7317708333333333, "ave_i_frame_quality": 32.47801142783256, "ave_p_frame_bpp": 0.34806236645299143, "ave_p_frame_quality": 32.72883489094167, "ave_all_frame_bpp": 0.46337139423076923, "ave_all_frame_quality": 32.70793293568258}}}}