{"HEVC_D": {"BQSquare_416x240_60": {"47.model": {"i_frame_num": 0, "p_frame_num": 36, "ave_i_frame_bpp": 0.0, "ave_i_frame_quality": 0.0, "ave_p_frame_bpp": 0.008228715945512822, "ave_p_frame_quality": 29.905611741115187, "ave_all_frame_bpp": 0.008228715945512822, "ave_all_frame_quality": 29.905611741115187}, "42.model": {"i_frame_num": 0, "p_frame_num": 36, "ave_i_frame_bpp": 0.0, "ave_i_frame_quality": 0.0, "ave_p_frame_bpp": 0.01836049345619658, "ave_p_frame_quality": 30.585601950342234, "ave_all_frame_bpp": 0.01836049345619658, "ave_all_frame_quality": 30.585601950342234}, "37.model": {"i_frame_num": 0, "p_frame_num": 36, "ave_i_frame_bpp": 0.0, "ave_i_frame_quality": 0.0, "ave_p_frame_bpp": 0.0391314937232906, "ave_p_frame_quality": 31.257162379452286, "ave_all_frame_bpp": 0.0391314937232906, "ave_all_frame_quality": 31.257162379452286}, "32.model": {"i_frame_num": 0, "p_frame_num": 36, "ave_i_frame_bpp": 0.0, "ave_i_frame_quality": 0.0, "ave_p_frame_bpp": 0.08423477564102565, "ave_p_frame_quality": 32.11755368659041, "ave_all_frame_bpp": 0.08423477564102565, "ave_all_frame_quality": 32.11755368659041}, "27.model": {"i_frame_num": 0, "p_frame_num": 36, "ave_i_frame_bpp": 0.0, "ave_i_frame_quality": 0.0, "ave_p_frame_bpp": 0.19254807692307693, "ave_p_frame_quality": 33.648654958048866, "ave_all_frame_bpp": 0.19254807692307693, "ave_all_frame_quality": 33.648654958048866}}, "BasketballPass_416x240_50": {"47.model": {"i_frame_num": 0, "p_frame_num": 36, "ave_i_frame_bpp": 0.0, "ave_i_frame_quality": 0.0, "ave_p_frame_bpp": 0.005831550480769231, "ave_p_frame_quality": 30.45035023328176, "ave_all_frame_bpp": 0.005831550480769231, "ave_all_frame_quality": 30.45035023328176}, "42.model": {"i_frame_num": 0, "p_frame_num": 36, "ave_i_frame_bpp": 0.0, "ave_i_frame_quality": 0.0, "ave_p_frame_bpp": 0.011818910256410256, "ave_p_frame_quality": 31.159493493091777, "ave_all_frame_bpp": 0.011818910256410256, "ave_all_frame_quality": 31.159493493091777}, "37.model": {"i_frame_num": 0, "p_frame_num": 36, "ave_i_frame_bpp": 0.0, "ave_i_frame_quality": 0.0, "ave_p_frame_bpp": 0.02437011217948718, "ave_p_frame_quality": 32.10418421812918, "ave_all_frame_bpp": 0.02437011217948718, "ave_all_frame_quality": 32.10418421812918}, "32.model": {"i_frame_num": 0, "p_frame_num": 36, "ave_i_frame_bpp": 0.0, "ave_i_frame_quality": 0.0, "ave_p_frame_bpp": 0.05215010016025642, "ave_p_frame_quality": 33.48708593285937, "ave_all_frame_bpp": 0.05215010016025642, "ave_all_frame_quality": 33.48708593285937}, "27.model": {"i_frame_num": 0, "p_frame_num": 36, "ave_i_frame_bpp": 0.0, "ave_i_frame_quality": 0.0, "ave_p_frame_bpp": 0.11475917467948717, "ave_p_frame_quality": 35.456030669659626, "ave_all_frame_bpp": 0.11475917467948717, "ave_all_frame_quality": 35.456030669659626}}, "BlowingBubbles_416x240_50": {"47.model": {"i_frame_num": 0, "p_frame_num": 36, "ave_i_frame_bpp": 0.0, "ave_i_frame_quality": 0.0, "ave_p_frame_bpp": 0.0076077323717948725, "ave_p_frame_quality": 29.180288229036407, "ave_all_frame_bpp": 0.0076077323717948725, "ave_all_frame_quality": 29.180288229036407}, "42.model": {"i_frame_num": 0, "p_frame_num": 36, "ave_i_frame_bpp": 0.0, "ave_i_frame_quality": 0.0, "ave_p_frame_bpp": 0.018093389423076922, "ave_p_frame_quality": 29.704886972210723, "ave_all_frame_bpp": 0.018093389423076922, "ave_all_frame_quality": 29.704886972210723}, "37.model": {"i_frame_num": 0, "p_frame_num": 36, "ave_i_frame_bpp": 0.0, "ave_i_frame_quality": 0.0, "ave_p_frame_bpp": 0.04211404246794872, "ave_p_frame_quality": 30.49824226628283, "ave_all_frame_bpp": 0.04211404246794872, "ave_all_frame_quality": 30.49824226628283}, "32.model": {"i_frame_num": 0, "p_frame_num": 36, "ave_i_frame_bpp": 0.0, "ave_i_frame_quality": 0.0, "ave_p_frame_bpp": 0.09688613782051282, "ave_p_frame_quality": 31.525764161615218, "ave_all_frame_bpp": 0.09688613782051282, "ave_all_frame_quality": 31.525764161615218}, "27.model": {"i_frame_num": 0, "p_frame_num": 36, "ave_i_frame_bpp": 0.0, "ave_i_frame_quality": 0.0, "ave_p_frame_bpp": 0.22931356169871797, "ave_p_frame_quality": 33.00685693195228, "ave_all_frame_bpp": 0.22931356169871797, "ave_all_frame_quality": 33.00685693195228}}, "RaceHorses_416x240_30": {"47.model": {"i_frame_num": 0, "p_frame_num": 36, "ave_i_frame_bpp": 0.0, "ave_i_frame_quality": 0.0, "ave_p_frame_bpp": 0.015589376335470086, "ave_p_frame_quality": 29.291924335018784, "ave_all_frame_bpp": 0.015589376335470086, "ave_all_frame_quality": 29.291924335018784}, "42.model": {"i_frame_num": 0, "p_frame_num": 36, "ave_i_frame_bpp": 0.0, "ave_i_frame_quality": 0.0, "ave_p_frame_bpp": 0.03315748530982906, "ave_p_frame_quality": 29.919555854156457, "ave_all_frame_bpp": 0.03315748530982906, "ave_all_frame_quality": 29.919555854156457}, "37.model": {"i_frame_num": 0, "p_frame_num": 36, "ave_i_frame_bpp": 0.0, "ave_i_frame_quality": 0.0, "ave_p_frame_bpp": 0.07027019898504273, "ave_p_frame_quality": 30.65447331885626, "ave_all_frame_bpp": 0.07027019898504273, "ave_all_frame_quality": 30.65447331885626}, "32.model": {"i_frame_num": 0, "p_frame_num": 36, "ave_i_frame_bpp": 0.0, "ave_i_frame_quality": 0.0, "ave_p_frame_bpp": 0.1510661391559829, "ave_p_frame_quality": 31.70832915228262, "ave_all_frame_bpp": 0.1510661391559829, "ave_all_frame_quality": 31.70832915228262}, "27.model": {"i_frame_num": 0, "p_frame_num": 36, "ave_i_frame_bpp": 0.0, "ave_i_frame_quality": 0.0, "ave_p_frame_bpp": 0.346149405715812, "ave_p_frame_quality": 33.2999492741398, "ave_all_frame_bpp": 0.346149405715812, "ave_all_frame_quality": 33.2999492741398}}}}