{"HEVC_D": {"BQSquare_416x240_60": {"47.model": {"i_frame_num": 3, "p_frame_num": 33, "ave_i_frame_bpp": 0.20042735042735044, "ave_i_frame_quality": 0.0, "ave_p_frame_bpp": 0.00970744858440171, "ave_p_frame_quality": 29.905611741115187, "ave_all_frame_bpp": 0.013759782318376068, "ave_all_frame_quality": 29.905611741115187}, "42.model": {"i_frame_num": 3, "p_frame_num": 33, "ave_i_frame_bpp": 0.40737179487179487, "ave_i_frame_quality": 0.0, "ave_p_frame_bpp": 0.02087845552884615, "ave_p_frame_quality": 30.585601950342234, "ave_all_frame_bpp": 0.029155548878205127, "ave_all_frame_quality": 30.585601950342234}, "37.model": {"i_frame_num": 3, "p_frame_num": 33, "ave_i_frame_bpp": 0.7386752136752137, "ave_i_frame_quality": 0.0, "ave_p_frame_bpp": 0.044181991185897426, "ave_p_frame_quality": 31.257162379452286, "ave_all_frame_bpp": 0.05915019030448717, "ave_all_frame_quality": 31.257162379452286}, "32.model": {"i_frame_num": 3, "p_frame_num": 33, "ave_i_frame_bpp": 1.1990384615384615, "ave_i_frame_quality": 0.0, "ave_p_frame_bpp": 0.0958363715277778, "ave_p_frame_quality": 32.11755368659041, "ave_all_frame_bpp": 0.11984954260149575, "ave_all_frame_quality": 32.11755368659041}, "27.model": {"i_frame_num": 3, "p_frame_num": 33, "ave_i_frame_bpp": 1.8302350427350427, "ave_i_frame_quality": 0.0, "ave_p_frame_bpp": 0.22248931623931625, "ave_p_frame_quality": 33.648654958048866, "ave_all_frame_bpp": 0.25812411525106843, "ave_all_frame_quality": 33.648654958048866}}, "BasketballPass_416x240_50": {"47.model": {"i_frame_num": 3, "p_frame_num": 33, "ave_i_frame_bpp": 0.08365384615384615, "ave_i_frame_quality": 0.0, "ave_p_frame_bpp": 0.007487540064102565, "ave_p_frame_quality": 30.45035023328176, "ave_all_frame_bpp": 0.009092327724358975, "ave_all_frame_quality": 30.45035023328176}, "42.model": {"i_frame_num": 3, "p_frame_num": 33, "ave_i_frame_bpp": 0.16452988782051284, "ave_i_frame_quality": 0.0, "ave_p_frame_bpp": 0.01481280048076923, "ave_p_frame_quality": 31.159493493091777, "ave_all_frame_bpp": 0.017991005608974358, "ave_all_frame_quality": 31.159493493091777}, "37.model": {"i_frame_num": 3, "p_frame_num": 33, "ave_i_frame_bpp": 0.32243589743589746, "ave_i_frame_quality": 0.0, "ave_p_frame_bpp": 0.029811538461538462, "ave_p_frame_quality": 32.10418421812918, "ave_all_frame_bpp": 0.03607550080128205, "ave_all_frame_quality": 32.10418421812918}, "32.model": {"i_frame_num": 3, "p_frame_num": 33, "ave_i_frame_bpp": 0.5778846153846153, "ave_i_frame_quality": 0.0, "ave_p_frame_bpp": 0.06281929086538462, "ave_p_frame_quality": 33.48708593285937, "ave_all_frame_bpp": 0.07396945112179487, "ave_all_frame_quality": 33.48708593285937}, "27.model": {"i_frame_num": 3, "p_frame_num": 33, "ave_i_frame_bpp": 1.0233974358974358, "ave_i_frame_quality": 0.0, "ave_p_frame_bpp": 0.13805705128205126, "ave_p_frame_quality": 35.456030669659626, "ave_all_frame_bpp": 0.15743633814102564, "ave_all_frame_quality": 35.456030669659626}}, "BlowingBubbles_416x240_50": {"47.model": {"i_frame_num": 3, "p_frame_num": 33, "ave_i_frame_bpp": 0.10555552884615386, "ave_i_frame_quality": 0.0, "ave_p_frame_bpp": 0.009720212339743592, "ave_p_frame_quality": 29.180288229036407, "ave_all_frame_bpp": 0.011743229166666666, "ave_all_frame_quality": 29.180288229036407}, "42.model": {"i_frame_num": 3, "p_frame_num": 33, "ave_i_frame_bpp": 0.23141025641025642, "ave_i_frame_quality": 0.0, "ave_p_frame_bpp": 0.02220907451923077, "ave_p_frame_quality": 29.704886972210723, "ave_all_frame_bpp": 0.026687139423076923, "ave_all_frame_quality": 29.704886972210723}, "37.model": {"i_frame_num": 3, "p_frame_num": 33, "ave_i_frame_bpp": 0.49797011217948717, "ave_i_frame_quality": 0.0, "ave_p_frame_bpp": 0.05113695913461538, "ave_p_frame_quality": 30.49824226628283, "ave_all_frame_bpp": 0.06075943509615384, "ave_all_frame_quality": 30.49824226628283}, "32.model": {"i_frame_num": 3, "p_frame_num": 33, "ave_i_frame_bpp": 0.941559855769231, "ave_i_frame_quality": 0.0, "ave_p_frame_bpp": 0.11744751602564103, "ave_p_frame_quality": 31.525764161615218, "ave_all_frame_bpp": 0.1353498998397436, "ave_all_frame_quality": 31.525764161615218}, "27.model": {"i_frame_num": 3, "p_frame_num": 33, "ave_i_frame_bpp": 1.6898504006410258, "ave_i_frame_quality": 0.0, "ave_p_frame_bpp": 0.2773346354166667, "ave_p_frame_quality": 33.00685693195228, "ave_all_frame_bpp": 0.3085381009615385, "ave_all_frame_quality": 33.00685693195228}}, "RaceHorses_416x240_30": {"47.model": {"i_frame_num": 3, "p_frame_num": 33, "ave_i_frame_bpp": 0.1753205128205128, "ave_i_frame_quality": 0.0, "ave_p_frame_bpp": 0.020258680555555554, "ave_p_frame_quality": 29.291924335018784, "ave_all_frame_bpp": 0.023522068643162395, "ave_all_frame_quality": 29.291924335018784}, "42.model": {"i_frame_num": 3, "p_frame_num": 33, "ave_i_frame_bpp": 0.33376068376068374, "ave_i_frame_quality": 0.0, "ave_p_frame_bpp": 0.042583466880341876, "ave_p_frame_quality": 29.919555854156457, "ave_all_frame_bpp": 0.04875133547008547, "ave_all_frame_quality": 29.919555854156457}, "37.model": {"i_frame_num": 3, "p_frame_num": 33, "ave_i_frame_bpp": 0.6264957264957265, "ave_i_frame_quality": 0.0, "ave_p_frame_bpp": 0.08968793402777778, "ave_p_frame_quality": 30.65447331885626, "ave_all_frame_bpp": 0.10112179487179487, "ave_all_frame_quality": 30.65447331885626}, "32.model": {"i_frame_num": 3, "p_frame_num": 33, "ave_i_frame_bpp": 1.1261752136752137, "ave_i_frame_quality": 0.0, "ave_p_frame_bpp": 0.19235403311965812, "ave_p_frame_quality": 31.70832915228262, "ave_all_frame_bpp": 0.21237533386752136, "ave_all_frame_quality": 31.70832915228262}, "27.model": {"i_frame_num": 3, "p_frame_num": 33, "ave_i_frame_bpp": 1.9509615384615384, "ave_i_frame_quality": 0.0, "ave_p_frame_bpp": 0.44088281250000005, "ave_p_frame_quality": 33.2999492741398, "ave_all_frame_bpp": 0.4736333800747864, "ave_all_frame_quality": 33.2999492741398}}}}