{"HEVC_D": {"BQSquare_416x240_60": {"47.model": {"i_frame_num": 3, "p_frame_num": 33, "ave_i_frame_bpp": 0.20042735042735044, "ave_i_frame_quality": 29.439915339446458, "ave_p_frame_bpp": 0.005914930555555556, "ave_p_frame_quality": 29.473676027039215, "ave_all_frame_bpp": 0.02212426549145299, "ave_all_frame_quality": 29.470862636406487}, "42.model": {"i_frame_num": 3, "p_frame_num": 33, "ave_i_frame_bpp": 0.40737179487179487, "ave_i_frame_quality": 30.359072558565803, "ave_p_frame_bpp": 0.010071848290598292, "ave_p_frame_quality": 30.395180805456295, "ave_all_frame_bpp": 0.04318022168803419, "ave_all_frame_quality": 30.39217178488209}, "37.model": {"i_frame_num": 3, "p_frame_num": 33, "ave_i_frame_bpp": 0.7386752136752137, "ave_i_frame_quality": 31.23882760564214, "ave_p_frame_bpp": 0.02020198985042735, "ave_p_frame_quality": 31.21308351848136, "ave_all_frame_bpp": 0.08007478632478632, "ave_all_frame_quality": 31.21522885907809}, "32.model": {"i_frame_num": 3, "p_frame_num": 33, "ave_i_frame_bpp": 1.1990384615384615, "ave_i_frame_quality": 32.26629803827646, "ave_p_frame_bpp": 0.046406383547008545, "ave_p_frame_quality": 32.266421615788666, "ave_all_frame_bpp": 0.14245906784188034, "ave_all_frame_quality": 32.26641131766265}, "27.model": {"i_frame_num": 3, "p_frame_num": 33, "ave_i_frame_bpp": 1.8302350427350427, "ave_i_frame_quality": 33.64030177013988, "ave_p_frame_bpp": 0.11976495726495727, "ave_p_frame_quality": 33.81104420837293, "ave_all_frame_bpp": 0.2623041533119658, "ave_all_frame_quality": 33.79681567185351}}, "BasketballPass_416x240_50": {"47.model": {"i_frame_num": 3, "p_frame_num": 33, "ave_i_frame_bpp": 0.08365384615384615, "ave_i_frame_quality": 30.125621763129956, "ave_p_frame_bpp": 0.006623958333333334, "ave_p_frame_quality": 30.110703901285362, "ave_all_frame_bpp": 0.013043108974358973, "ave_all_frame_quality": 30.111947056439078}, "42.model": {"i_frame_num": 3, "p_frame_num": 33, "ave_i_frame_bpp": 0.16452988782051284, "ave_i_frame_quality": 30.924130218528134, "ave_p_frame_bpp": 0.011975560897435898, "ave_p_frame_quality": 30.854528993079594, "ave_all_frame_bpp": 0.024688381410256408, "ave_all_frame_quality": 30.860329095200306}, "37.model": {"i_frame_num": 3, "p_frame_num": 33, "ave_i_frame_bpp": 0.32243589743589746, "ave_i_frame_quality": 31.813922442081807, "ave_p_frame_bpp": 0.021765705128205127, "ave_p_frame_quality": 31.74279135381905, "ave_all_frame_bpp": 0.04682155448717949, "ave_all_frame_quality": 31.748718944507612}, "32.model": {"i_frame_num": 3, "p_frame_num": 33, "ave_i_frame_bpp": 0.5778846153846153, "ave_i_frame_quality": 33.163207626068015, "ave_p_frame_bpp": 0.04267676282051282, "ave_p_frame_quality": 33.058215768997414, "ave_all_frame_bpp": 0.08727740384615384, "ave_all_frame_quality": 33.06696509041996}, "27.model": {"i_frame_num": 3, "p_frame_num": 33, "ave_i_frame_bpp": 1.0233974358974358, "ave_i_frame_quality": 34.99047158356641, "ave_p_frame_bpp": 0.0931915064102564, "ave_p_frame_quality": 34.974377484115756, "ave_all_frame_bpp": 0.17070865384615383, "ave_all_frame_quality": 34.97571865906998}}, "BlowingBubbles_416x240_50": {"47.model": {"i_frame_num": 3, "p_frame_num": 33, "ave_i_frame_bpp": 0.10555552884615386, "ave_i_frame_quality": 28.950052144303594, "ave_p_frame_bpp": 0.008449919871794873, "ave_p_frame_quality": 28.927057979698077, "ave_all_frame_bpp": 0.01654198717948718, "ave_all_frame_quality": 28.928974160081868}, "42.model": {"i_frame_num": 3, "p_frame_num": 33, "ave_i_frame_bpp": 0.23141025641025642, "ave_i_frame_quality": 29.375909477480292, "ave_p_frame_bpp": 0.016462740384615385, "ave_p_frame_quality": 29.40395429118625, "ave_all_frame_bpp": 0.034375, "ave_all_frame_quality": 29.401617223377418}, "37.model": {"i_frame_num": 3, "p_frame_num": 33, "ave_i_frame_bpp": 0.49797011217948717, "ave_i_frame_quality": 30.143767178246097, "ave_p_frame_bpp": 0.03609166666666667, "ave_p_frame_quality": 30.175075808800685, "ave_all_frame_bpp": 0.07458157051282052, "ave_all_frame_quality": 30.17246675625447}, "32.model": {"i_frame_num": 3, "p_frame_num": 33, "ave_i_frame_bpp": 0.941559855769231, "ave_i_frame_quality": 31.16819708717648, "ave_p_frame_bpp": 0.08224551282051282, "ave_p_frame_quality": 31.244812764803143, "ave_all_frame_bpp": 0.15385504807692307, "ave_all_frame_quality": 31.23842812500092}, "27.model": {"i_frame_num": 3, "p_frame_num": 33, "ave_i_frame_bpp": 1.6898504006410258, "ave_i_frame_quality": 32.71148674102025, "ave_p_frame_bpp": 0.19208429487179488, "ave_p_frame_quality": 32.87800075145954, "ave_all_frame_bpp": 0.31689815705128205, "ave_all_frame_quality": 32.86412458392293}}, "RaceHorses_416x240_30": {"47.model": {"i_frame_num": 3, "p_frame_num": 33, "ave_i_frame_bpp": 0.1753205128205128, "ave_i_frame_quality": 28.882734862645492, "ave_p_frame_bpp": 0.01867721688034188, "ave_p_frame_quality": 28.9321956136497, "ave_all_frame_bpp": 0.03173076923076923, "ave_all_frame_quality": 28.928073884399353}, "42.model": {"i_frame_num": 3, "p_frame_num": 33, "ave_i_frame_bpp": 0.33376068376068374, "ave_i_frame_quality": 29.41371002994948, "ave_p_frame_bpp": 0.037703926282051284, "ave_p_frame_quality": 29.450296042030917, "ave_all_frame_bpp": 0.06237540064102564, "ave_all_frame_quality": 29.4472472076908}, "37.model": {"i_frame_num": 3, "p_frame_num": 33, "ave_i_frame_bpp": 0.6264957264957265, "ave_i_frame_quality": 30.08192221509294, "ave_p_frame_bpp": 0.07767094017094017, "ave_p_frame_quality": 30.13481127216104, "ave_all_frame_bpp": 0.12340638354700854, "ave_all_frame_quality": 30.1304038507387}, "32.model": {"i_frame_num": 3, "p_frame_num": 33, "ave_i_frame_bpp": 1.1261752136752137, "ave_i_frame_quality": 30.993743933724517, "ave_p_frame_bpp": 0.16515157585470086, "ave_p_frame_quality": 31.080686040607038, "ave_all_frame_bpp": 0.24523677884615383, "ave_all_frame_quality": 31.073440865033497}, "27.model": {"i_frame_num": 3, "p_frame_num": 33, "ave_i_frame_bpp": 1.9509615384615384, "ave_i_frame_quality": 32.29842655148109, "ave_p_frame_bpp": 0.37893362713675216, "ave_p_frame_quality": 32.55380901065846, "ave_all_frame_bpp": 0.5099358974358974, "ave_all_frame_quality": 32.53252713906035}}}}