{"HEVC_D": {"BQSquare_416x240_60": {"47.model": {"i_frame_num": 0, "p_frame_num": 36, "ave_i_frame_bpp": 0.0, "ave_i_frame_quality": 0.0, "ave_p_frame_bpp": 0.008604884481837608, "ave_p_frame_quality": 29.869467834382437, "ave_all_frame_bpp": 0.008604884481837608, "ave_all_frame_quality": 29.869467834382437}, "42.model": {"i_frame_num": 0, "p_frame_num": 36, "ave_i_frame_bpp": 0.0, "ave_i_frame_quality": 0.0, "ave_p_frame_bpp": 0.01858974358974359, "ave_p_frame_quality": 30.526384864525735, "ave_all_frame_bpp": 0.01858974358974359, "ave_all_frame_quality": 30.526384864525735}, "37.model": {"i_frame_num": 0, "p_frame_num": 36, "ave_i_frame_bpp": 0.0, "ave_i_frame_quality": 0.0, "ave_p_frame_bpp": 0.03889778645833333, "ave_p_frame_quality": 31.14725314408536, "ave_all_frame_bpp": 0.03889778645833333, "ave_all_frame_quality": 31.14725314408536}, "32.model": {"i_frame_num": 0, "p_frame_num": 36, "ave_i_frame_bpp": 0.0, "ave_i_frame_quality": 0.0, "ave_p_frame_bpp": 0.08204238448183761, "ave_p_frame_quality": 31.926779562761087, "ave_all_frame_bpp": 0.08204238448183761, "ave_all_frame_quality": 31.926779562761087}, "27.model": {"i_frame_num": 0, "p_frame_num": 36, "ave_i_frame_bpp": 0.0, "ave_i_frame_quality": 0.0, "ave_p_frame_bpp": 0.1844796173878205, "ave_p_frame_quality": 33.35844438639034, "ave_all_frame_bpp": 0.1844796173878205, "ave_all_frame_quality": 33.35844438639034}}, "BasketballPass_416x240_50": {"47.model": {"i_frame_num": 0, "p_frame_num": 36, "ave_i_frame_bpp": 0.0, "ave_i_frame_quality": 0.0, "ave_p_frame_bpp": 0.005980689102564102, "ave_p_frame_quality": 30.48667018277909, "ave_all_frame_bpp": 0.005980689102564102, "ave_all_frame_quality": 30.48667018277909}, "42.model": {"i_frame_num": 0, "p_frame_num": 36, "ave_i_frame_bpp": 0.0, "ave_i_frame_quality": 0.0, "ave_p_frame_bpp": 0.01187900641025641, "ave_p_frame_quality": 31.131422075412022, "ave_all_frame_bpp": 0.01187900641025641, "ave_all_frame_quality": 31.131422075412022}, "37.model": {"i_frame_num": 0, "p_frame_num": 36, "ave_i_frame_bpp": 0.0, "ave_i_frame_quality": 0.0, "ave_p_frame_bpp": 0.02310362580128205, "ave_p_frame_quality": 31.93503746558332, "ave_all_frame_bpp": 0.02310362580128205, "ave_all_frame_quality": 31.93503746558332}, "32.model": {"i_frame_num": 0, "p_frame_num": 36, "ave_i_frame_bpp": 0.0, "ave_i_frame_quality": 0.0, "ave_p_frame_bpp": 0.044577984775641025, "ave_p_frame_quality": 33.1646177811857, "ave_all_frame_bpp": 0.044577984775641025, "ave_all_frame_quality": 33.1646177811857}, "27.model": {"i_frame_num": 0, "p_frame_num": 36, "ave_i_frame_bpp": 0.0, "ave_i_frame_quality": 0.0, "ave_p_frame_bpp": 0.08977698317307692, "ave_p_frame_quality": 34.90442671045064, "ave_all_frame_bpp": 0.08977698317307692, "ave_all_frame_quality": 34.90442671045064}}, "BlowingBubbles_416x240_50": {"47.model": {"i_frame_num": 0, "p_frame_num": 36, "ave_i_frame_bpp": 0.0, "ave_i_frame_quality": 0.0, "ave_p_frame_bpp": 0.007690084134615385, "ave_p_frame_quality": 29.165757650625267, "ave_all_frame_bpp": 0.007690084134615385, "ave_all_frame_quality": 29.165757650625267}, "42.model": {"i_frame_num": 0, "p_frame_num": 36, "ave_i_frame_bpp": 0.0, "ave_i_frame_quality": 0.0, "ave_p_frame_bpp": 0.018458413461538464, "ave_p_frame_quality": 29.703607372599077, "ave_all_frame_bpp": 0.018458413461538464, "ave_all_frame_quality": 29.703607372599077}, "37.model": {"i_frame_num": 0, "p_frame_num": 36, "ave_i_frame_bpp": 0.0, "ave_i_frame_quality": 0.0, "ave_p_frame_bpp": 0.04013309294871795, "ave_p_frame_quality": 30.381005086960133, "ave_all_frame_bpp": 0.04013309294871795, "ave_all_frame_quality": 30.381005086960133}, "32.model": {"i_frame_num": 0, "p_frame_num": 36, "ave_i_frame_bpp": 0.0, "ave_i_frame_quality": 0.0, "ave_p_frame_bpp": 0.08740651041666667, "ave_p_frame_quality": 31.27507987660077, "ave_all_frame_bpp": 0.08740651041666667, "ave_all_frame_quality": 31.27507987660077}, "27.model": {"i_frame_num": 0, "p_frame_num": 36, "ave_i_frame_bpp": 0.0, "ave_i_frame_quality": 0.0, "ave_p_frame_bpp": 0.1947248998397436, "ave_p_frame_quality": 32.63710412200649, "ave_all_frame_bpp": 0.1947248998397436, "ave_all_frame_quality": 32.63710412200649}}, "RaceHorses_416x240_30": {"47.model": {"i_frame_num": 0, "p_frame_num": 36, "ave_i_frame_bpp": 0.0, "ave_i_frame_quality": 0.0, "ave_p_frame_bpp": 0.016116887019230766, "ave_p_frame_quality": 29.336660892561287, "ave_all_frame_bpp": 0.016116887019230766, "ave_all_frame_quality": 29.336660892561287}, "42.model": {"i_frame_num": 0, "p_frame_num": 36, "ave_i_frame_bpp": 0.0, "ave_i_frame_quality": 0.0, "ave_p_frame_bpp": 0.03343573050213675, "ave_p_frame_quality": 29.910476561877164, "ave_all_frame_bpp": 0.03343573050213675, "ave_all_frame_quality": 29.910476561877164}, "37.model": {"i_frame_num": 0, "p_frame_num": 36, "ave_i_frame_bpp": 0.0, "ave_i_frame_quality": 0.0, "ave_p_frame_bpp": 0.06572071981837607, "ave_p_frame_quality": 30.553647110868944, "ave_all_frame_bpp": 0.06572071981837607, "ave_all_frame_quality": 30.553647110868944}, "32.model": {"i_frame_num": 0, "p_frame_num": 36, "ave_i_frame_bpp": 0.0, "ave_i_frame_quality": 0.0, "ave_p_frame_bpp": 0.13364716880341881, "ave_p_frame_quality": 31.484817488695924, "ave_all_frame_bpp": 0.13364716880341881, "ave_all_frame_quality": 31.484817488695924}, "27.model": {"i_frame_num": 0, "p_frame_num": 36, "ave_i_frame_bpp": 0.0, "ave_i_frame_quality": 0.0, "ave_p_frame_bpp": 0.2756588207799145, "ave_p_frame_quality": 32.93131421207112, "ave_all_frame_bpp": 0.2756588207799145, "ave_all_frame_quality": 32.93131421207112}}}}