{"HEVC_D": {"BQSquare_416x240_60": {"47.model": {"i_frame_num": 3, "p_frame_num": 33, "ave_i_frame_bpp": 0.2016025641025641, "ave_i_frame_quality": 29.402113840242293, "ave_p_frame_bpp": 0.006060630341880342, "ave_p_frame_quality": 29.436009046234485, "ave_all_frame_bpp": 0.02235576923076923, "ave_all_frame_quality": 29.433184445735137}, "42.model": {"i_frame_num": 3, "p_frame_num": 33, "ave_i_frame_bpp": 0.40395299145299146, "ave_i_frame_quality": 30.28614020767294, "ave_p_frame_bpp": 0.010324385683760684, "ave_p_frame_quality": 30.2927949947489, "ave_all_frame_bpp": 0.04312680288461538, "ave_all_frame_quality": 30.292240429159236}, "37.model": {"i_frame_num": 3, "p_frame_num": 33, "ave_i_frame_bpp": 0.7157051282051282, "ave_i_frame_quality": 31.031410932406075, "ave_p_frame_bpp": 0.019531850961538463, "ave_p_frame_quality": 31.054795265456793, "ave_all_frame_bpp": 0.07754627403846154, "ave_all_frame_quality": 31.0528465710359}, "32.model": {"i_frame_num": 3, "p_frame_num": 33, "ave_i_frame_bpp": 1.1378205128205128, "ave_i_frame_quality": 32.02653794759147, "ave_p_frame_bpp": 0.04730962873931623, "ave_p_frame_quality": 32.044361023180585, "ave_all_frame_bpp": 0.13818556356837605, "ave_all_frame_quality": 32.042875766881494}, "27.model": {"i_frame_num": 3, "p_frame_num": 33, "ave_i_frame_bpp": 1.6620726495726497, "ave_i_frame_quality": 33.387708394181914, "ave_p_frame_bpp": 0.1189296875, "ave_p_frame_quality": 33.52521850179027, "ave_all_frame_bpp": 0.24752490651709405, "ave_all_frame_quality": 33.51375932615625}}, "BasketballPass_416x240_50": {"47.model": {"i_frame_num": 3, "p_frame_num": 33, "ave_i_frame_bpp": 0.08536322115384616, "ave_i_frame_quality": 30.15159860625342, "ave_p_frame_bpp": 0.006779326923076922, "ave_p_frame_quality": 30.065465214471807, "ave_all_frame_bpp": 0.013327964743589743, "ave_all_frame_quality": 30.072642997120276}, "42.model": {"i_frame_num": 3, "p_frame_num": 33, "ave_i_frame_bpp": 0.15908116987179485, "ave_i_frame_quality": 30.90356614523621, "ave_p_frame_bpp": 0.012004647435897435, "ave_p_frame_quality": 30.805174012670353, "ave_all_frame_bpp": 0.024261057692307693, "ave_all_frame_quality": 30.81337335705084}, "37.model": {"i_frame_num": 3, "p_frame_num": 33, "ave_i_frame_bpp": 0.2901709134615385, "ave_i_frame_quality": 31.704315146940697, "ave_p_frame_bpp": 0.020813942307692308, "ave_p_frame_quality": 31.603112770162426, "ave_all_frame_bpp": 0.04326033653846154, "ave_all_frame_quality": 31.611546301560615}, "32.model": {"i_frame_num": 3, "p_frame_num": 33, "ave_i_frame_bpp": 0.492948717948718, "ave_i_frame_quality": 32.82576951697041, "ave_p_frame_bpp": 0.03891802884615384, "ave_p_frame_quality": 32.73052752836344, "ave_all_frame_bpp": 0.07675392628205127, "ave_all_frame_quality": 32.73846436074735}, "27.model": {"i_frame_num": 3, "p_frame_num": 33, "ave_i_frame_bpp": 0.8388888621794871, "ave_i_frame_quality": 34.57435691233105, "ave_p_frame_bpp": 0.08237179487179487, "ave_p_frame_quality": 34.53406587934455, "ave_all_frame_bpp": 0.14541490384615383, "ave_all_frame_quality": 34.53742346542676}}, "BlowingBubbles_416x240_50": {"47.model": {"i_frame_num": 3, "p_frame_num": 33, "ave_i_frame_bpp": 0.10683758012820514, "ave_i_frame_quality": 28.942044495475113, "ave_p_frame_bpp": 0.008226522435897436, "ave_p_frame_quality": 28.91255103849183, "ave_all_frame_bpp": 0.016444070512820513, "ave_all_frame_quality": 28.91500882657377}, "42.model": {"i_frame_num": 3, "p_frame_num": 33, "ave_i_frame_bpp": 0.22072652243589744, "ave_i_frame_quality": 29.392792502430876, "ave_p_frame_bpp": 0.016491826923076925, "ave_p_frame_quality": 29.407184332947924, "ave_all_frame_bpp": 0.03351137820512821, "ave_all_frame_quality": 29.40598501373817}, "37.model": {"i_frame_num": 3, "p_frame_num": 33, "ave_i_frame_bpp": 0.4364316506410256, "ave_i_frame_quality": 30.03979907108673, "ave_p_frame_bpp": 0.0338286858974359, "ave_p_frame_quality": 30.03880658813638, "ave_all_frame_bpp": 0.06737892628205128, "ave_all_frame_quality": 30.038889295048914}, "32.model": {"i_frame_num": 3, "p_frame_num": 33, "ave_i_frame_bpp": 0.7919871794871794, "ave_i_frame_quality": 30.93261325545536, "ave_p_frame_bpp": 0.07347516025641025, "ave_p_frame_quality": 30.98038984052417, "ave_all_frame_bpp": 0.1333511217948718, "ave_all_frame_quality": 30.976408458435102}, "27.model": {"i_frame_num": 3, "p_frame_num": 33, "ave_i_frame_bpp": 1.349893189102564, "ave_i_frame_quality": 32.29854072415175, "ave_p_frame_bpp": 0.16480184294871794, "ave_p_frame_quality": 32.43216193630361, "ave_all_frame_bpp": 0.2635594551282051, "ave_all_frame_quality": 32.42102683529095}}, "RaceHorses_416x240_30": {"47.model": {"i_frame_num": 3, "p_frame_num": 33, "ave_i_frame_bpp": 0.17403846153846153, "ave_i_frame_quality": 28.876880070455197, "ave_p_frame_bpp": 0.01858974358974359, "ave_p_frame_quality": 28.918315924050233, "ave_all_frame_bpp": 0.03154380341880342, "ave_all_frame_quality": 28.91486293625065}, "42.model": {"i_frame_num": 3, "p_frame_num": 33, "ave_i_frame_bpp": 0.3219017094017094, "ave_i_frame_quality": 29.38344455472162, "ave_p_frame_bpp": 0.03682986111111111, "ave_p_frame_quality": 29.417177323529383, "ave_all_frame_bpp": 0.06058587072649573, "ave_all_frame_quality": 29.414366259462067}, "37.model": {"i_frame_num": 3, "p_frame_num": 33, "ave_i_frame_bpp": 0.5604700854700855, "ave_i_frame_quality": 29.979778193496987, "ave_p_frame_bpp": 0.07197943376068376, "ave_p_frame_quality": 30.011269830697294, "ave_all_frame_bpp": 0.11268696581196581, "ave_all_frame_quality": 30.00864552759727}, "32.model": {"i_frame_num": 3, "p_frame_num": 33, "ave_i_frame_bpp": 0.9435897435897436, "ave_i_frame_quality": 30.65545003017117, "ave_p_frame_bpp": 0.14786324786324787, "ave_p_frame_quality": 30.741306290994114, "ave_all_frame_bpp": 0.21417374465811964, "ave_all_frame_quality": 30.734151602592206}, "27.model": {"i_frame_num": 3, "p_frame_num": 33, "ave_i_frame_bpp": 1.5819444444444444, "ave_i_frame_quality": 31.830170583370517, "ave_p_frame_bpp": 0.32760296474358974, "ave_p_frame_quality": 32.04655013684619, "ave_all_frame_bpp": 0.4321314102564103, "ave_all_frame_quality": 32.02851850738989}}}}