{"HEVC_D": {"BQSquare_416x240_60": {"47.model": {"i_frame_num": 3, "p_frame_num": 33, "ave_i_frame_bpp": 0.2016025641025641, "ave_i_frame_quality": 0.0, "ave_p_frame_bpp": 0.010120042067307693, "ave_p_frame_quality": 29.869467834382437, "ave_all_frame_bpp": 0.014193826789529915, "ave_all_frame_quality": 29.869467834382437}, "42.model": {"i_frame_num": 3, "p_frame_num": 33, "ave_i_frame_bpp": 0.40395299145299146, "ave_i_frame_quality": 0.0, "ave_p_frame_bpp": 0.021170840010683763, "ave_p_frame_quality": 30.526384864525735, "ave_all_frame_bpp": 0.029371444310897433, "ave_all_frame_quality": 30.526384864525735}, "37.model": {"i_frame_num": 3, "p_frame_num": 33, "ave_i_frame_bpp": 0.7157051282051282, "ave_i_frame_quality": 0.0, "ave_p_frame_bpp": 0.043780749198717946, "ave_p_frame_quality": 31.14725314408536, "ave_all_frame_bpp": 0.05828435496794872, "ave_all_frame_quality": 31.14725314408536}, "32.model": {"i_frame_num": 3, "p_frame_num": 33, "ave_i_frame_bpp": 1.1378205128205128, "ave_i_frame_quality": 0.0, "ave_p_frame_bpp": 0.09386979166666667, "ave_p_frame_quality": 31.926779562761087, "ave_all_frame_bpp": 0.11658877537393163, "ave_all_frame_quality": 31.926779562761087}, "27.model": {"i_frame_num": 3, "p_frame_num": 33, "ave_i_frame_bpp": 1.6620726495726497, "ave_i_frame_quality": 0.0, "ave_p_frame_bpp": 0.2142120392628205, "ave_p_frame_quality": 33.35844438639034, "ave_all_frame_bpp": 0.24636084401709402, "ave_all_frame_quality": 33.35844438639034}}, "BasketballPass_416x240_50": {"47.model": {"i_frame_num": 3, "p_frame_num": 33, "ave_i_frame_bpp": 0.08536322115384616, "ave_i_frame_quality": 0.0, "ave_p_frame_bpp": 0.007675520833333333, "ave_p_frame_quality": 30.48667018277909, "ave_all_frame_bpp": 0.009312680288461538, "ave_all_frame_quality": 30.48667018277909}, "42.model": {"i_frame_num": 3, "p_frame_num": 33, "ave_i_frame_bpp": 0.15908116987179485, "ave_i_frame_quality": 0.0, "ave_p_frame_bpp": 0.014880168269230769, "ave_p_frame_quality": 31.131422075412022, "ave_all_frame_bpp": 0.017944270833333335, "ave_all_frame_quality": 31.131422075412022}, "37.model": {"i_frame_num": 3, "p_frame_num": 33, "ave_i_frame_bpp": 0.2901709134615385, "ave_i_frame_quality": 0.0, "ave_p_frame_bpp": 0.028307111378205126, "ave_p_frame_quality": 31.93503746558332, "ave_all_frame_bpp": 0.033918709935897434, "ave_all_frame_quality": 31.93503746558332}, "32.model": {"i_frame_num": 3, "p_frame_num": 33, "ave_i_frame_bpp": 0.492948717948718, "ave_i_frame_quality": 0.0, "ave_p_frame_bpp": 0.05430749198717949, "ave_p_frame_quality": 33.1646177811857, "ave_all_frame_bpp": 0.06376646634615384, "ave_all_frame_quality": 33.1646177811857}, "27.model": {"i_frame_num": 3, "p_frame_num": 33, "ave_i_frame_bpp": 0.8388888621794871, "ave_i_frame_quality": 0.0, "ave_p_frame_bpp": 0.11036993189102563, "ave_p_frame_quality": 34.90442671045064, "ave_all_frame_bpp": 0.12613070913461535, "ave_all_frame_quality": 34.90442671045064}}, "BlowingBubbles_416x240_50": {"47.model": {"i_frame_num": 3, "p_frame_num": 33, "ave_i_frame_bpp": 0.10683758012820514, "ave_i_frame_quality": 0.0, "ave_p_frame_bpp": 0.009746714743589744, "ave_p_frame_quality": 29.165757650625267, "ave_all_frame_bpp": 0.011801101762820513, "ave_all_frame_quality": 29.165757650625267}, "42.model": {"i_frame_num": 3, "p_frame_num": 33, "ave_i_frame_bpp": 0.22072652243589744, "ave_i_frame_quality": 0.0, "ave_p_frame_bpp": 0.022581370192307697, "ave_p_frame_quality": 29.703607372599077, "ave_all_frame_bpp": 0.026836258012820517, "ave_all_frame_quality": 29.703607372599077}, "37.model": {"i_frame_num": 3, "p_frame_num": 33, "ave_i_frame_bpp": 0.4364316506410256, "ave_i_frame_quality": 0.0, "ave_p_frame_bpp": 0.048590264423076915, "ave_p_frame_quality": 30.381005086960133, "ave_all_frame_bpp": 0.05697782451923076, "ave_all_frame_quality": 30.381005086960133}, "32.model": {"i_frame_num": 3, "p_frame_num": 33, "ave_i_frame_bpp": 0.7919871794871794, "ave_i_frame_quality": 0.0, "ave_p_frame_bpp": 0.10577530048076925, "ave_p_frame_quality": 31.27507987660077, "ave_all_frame_bpp": 0.12074429086538462, "ave_all_frame_quality": 31.27507987660077}, "27.model": {"i_frame_num": 3, "p_frame_num": 33, "ave_i_frame_bpp": 1.349893189102564, "ave_i_frame_quality": 0.0, "ave_p_frame_bpp": 0.2359253605769231, "ave_p_frame_quality": 32.63710412200649, "ave_all_frame_bpp": 0.26061476362179486, "ave_all_frame_quality": 32.63710412200649}}, "RaceHorses_416x240_30": {"47.model": {"i_frame_num": 3, "p_frame_num": 33, "ave_i_frame_bpp": 0.17403846153846153, "ave_i_frame_quality": 0.0, "ave_p_frame_bpp": 0.020764322916666664, "ave_p_frame_quality": 29.336660892561287, "ave_all_frame_bpp": 0.024002837873931617, "ave_all_frame_quality": 29.336660892561287}, "42.model": {"i_frame_num": 3, "p_frame_num": 33, "ave_i_frame_bpp": 0.3219017094017094, "ave_i_frame_quality": 0.0, "ave_p_frame_bpp": 0.04264319577991453, "ave_p_frame_quality": 29.910476561877164, "ave_all_frame_bpp": 0.04858219818376069, "ave_all_frame_quality": 29.910476561877164}, "37.model": {"i_frame_num": 3, "p_frame_num": 33, "ave_i_frame_bpp": 0.5604700854700855, "ave_i_frame_quality": 0.0, "ave_p_frame_bpp": 0.08371557825854702, "ave_p_frame_quality": 30.553647110868944, "ave_all_frame_bpp": 0.09389246127136752, "ave_all_frame_quality": 30.553647110868944}, "32.model": {"i_frame_num": 3, "p_frame_num": 33, "ave_i_frame_bpp": 0.9435897435897436, "ave_i_frame_quality": 0.0, "ave_p_frame_bpp": 0.17061298076923082, "ave_p_frame_quality": 31.484817488695924, "ave_all_frame_bpp": 0.18719060496794873, "ave_all_frame_quality": 31.484817488695924}, "27.model": {"i_frame_num": 3, "p_frame_num": 33, "ave_i_frame_bpp": 1.5819444444444444, "ave_i_frame_quality": 0.0, "ave_p_frame_bpp": 0.3575595619658119, "ave_p_frame_quality": 32.93131421207112, "ave_all_frame_bpp": 0.383691673344017, "ave_all_frame_quality": 32.93131421207112}}}}